mongodb_query,prompt,input_token_count,raw_output,qwen_doc_correct,qwen_raw_response
db.frpm.countDocuments({`County Name` : 'Alameda'}),"Generate documentation for the MongoDB shell query below.

Requirements:

* Explain what the query does in plain English.
* Mention the collection name and operation type (find, aggregate, distinct, or countDocuments).
* Describe filters, projections, sorting, limits, and aggregation stages when present.
* Return documentation text only.
* No code.
* No markdown fences.
* No extra headings or labels.

MongoDB collections:
{
  ""frpm"": {
    ""2013-14 CALPADS Fall 1 Certification Status"": ""number"",
    ""Academic Year"": ""string"",
    ""CDSCode"": ""string"",
    ""Charter Funding Type"": ""string"",
    ""Charter School (Y/N)"": ""number"",
    ""Charter School Number"": ""string"",
    ""County Code"": ""string"",
    ""County Name"": ""string"",
    ""District Code"": ""number"",
    ""District Name"": ""string"",
    ""District Type"": ""string"",
    ""Educational Option Type"": ""string"",
    ""Enrollment (Ages 5-17)"": ""number"",
    ""Enrollment (K-12)"": ""number"",
    ""FRPM Count (Ages 5-17)"": ""number"",
    ""FRPM Count (K-12)"": ""number"",
    ""Free Meal Count (Ages 5-17)"": ""number"",
    ""Free Meal Count (K-12)"": ""number"",
    ""High Grade"": ""string"",
    ""IRC"": ""number"",
    ""Low Grade"": ""string"",
    ""NSLP Provision Status"": ""string"",
    ""Percent (%) Eligible FRPM (Ages 5-17)"": ""number"",
    ""Percent (%) Eligible FRPM (K-12)"": ""number"",
    ""Percent (%) Eligible Free (Ages 5-17)"": ""number"",
    ""Percent (%) Eligible Free (K-12)"": ""number"",
    ""School Code"": ""string"",
    ""School Name"": ""string"",
    ""School Type"": ""string"",
    ""_id"": ""ObjectId""
  },
  ""satscores"": {
    ""AvgScrMath"": ""number"",
    ""AvgScrRead"": ""number"",
    ""AvgScrWrite"": ""number"",
    ""NumGE1500"": ""number"",
    ""NumTstTakr"": ""number"",
    ""_id"": ""ObjectId"",
    ""cds"": ""string"",
    ""cname"": ""string"",
    ""dname"": ""string"",
    ""enroll12"": ""number"",
    ""rtype"": ""string"",
    ""sname"": ""string""
  },
  ""schools"": {
    ""AdmEmail1"": ""string"",
    ""AdmEmail2"": ""string"",
    ""AdmEmail3"": ""string"",
    ""AdmFName1"": ""string"",
    ""AdmFName2"": ""string"",
    ""AdmFName3"": ""string"",
    ""AdmLName1"": ""string"",
    ""AdmLName2"": ""string"",
    ""AdmLName3"": ""string"",
    ""CDSCode"": ""string"",
    ""Charter"": ""number"",
    ""CharterNum"": ""string"",
    ""City"": ""string"",
    ""ClosedDate"": ""string"",
    ""County"": ""string"",
    ""DOC"": ""string"",
    ""DOCType"": ""string"",
    ""District"": ""string"",
    ""EILCode"": ""string"",
    ""EILName"": ""string"",
    ""EdOpsCode"": ""string"",
    ""EdOpsName"": ""string"",
    ""Ext"": ""string"",
    ""FundingType"": ""string"",
    ""GSoffered"": ""string"",
    ""GSserved"": ""string"",
    ""LastUpdate"": ""string"",
    ""Latitude"": ""number"",
    ""Longitude"": ""number"",
    ""Magnet"": ""number"",
    ""MailCity"": ""string"",
    ""MailState"": ""string"",
    ""MailStrAbr"": ""string"",
    ""MailStreet"": ""string"",
    ""MailZip"": ""string"",
    ""NCESDist"": ""string"",
    ""NCESSchool"": ""string"",
    ""OpenDate"": ""string"",
    ""Phone"": ""string"",
    ""SOC"": ""string"",
    ""SOCType"": ""string"",
    ""School"": ""string"",
    ""State"": ""string"",
    ""StatusType"": ""string"",
    ""Street"": ""string"",
    ""StreetAbr"": ""string"",
    ""Virtual"": ""string"",
    ""Website"": ""string"",
    ""Zip"": ""string"",
    ""_id"": ""ObjectId""
  }
}

MongoDB query:
db.frpm.countDocuments({`County Name` : 'Alameda'})

Documentation:",1003,"The query `db.frpm.countDocuments({`County Name` : 'Alameda'})` is used to count the number of documents in the `frpm` collection where the `County Name` field is equal to 'Alameda'. This query is used to find all documents in the `frpm` collection where the `County Name` field is 'Alameda'. The `countDocuments` method is used to count the number of documents that match the specified criteria. The `db` object represents the database, `frpm` is the collection, and `{`County Name` : 'Alameda'}` is the filter that specifies the criteria to match. The `countDocuments` method returns the number of documents that match the filter.",True,"{
  ""doc_correct"": true,
  ""reason"": ""Explanation provided clearly outlines the purpose of the query, including the filtering criteria and the result.""
}"
"db.frpm.countDocuments({Educational Option Type: 'Continuation School', Free Meal Count (Ages 5-17) / Enrollment (Ages 5-17) IS NOT NULL, Order: 'ASC', Limit: 3})","Generate documentation for the MongoDB shell query below.

Requirements:

* Explain what the query does in plain English.
* Mention the collection name and operation type (find, aggregate, distinct, or countDocuments).
* Describe filters, projections, sorting, limits, and aggregation stages when present.
* Return documentation text only.
* No code.
* No markdown fences.
* No extra headings or labels.

MongoDB collections:
{
  ""frpm"": {
    ""2013-14 CALPADS Fall 1 Certification Status"": ""number"",
    ""Academic Year"": ""string"",
    ""CDSCode"": ""string"",
    ""Charter Funding Type"": ""string"",
    ""Charter School (Y/N)"": ""number"",
    ""Charter School Number"": ""string"",
    ""County Code"": ""string"",
    ""County Name"": ""string"",
    ""District Code"": ""number"",
    ""District Name"": ""string"",
    ""District Type"": ""string"",
    ""Educational Option Type"": ""string"",
    ""Enrollment (Ages 5-17)"": ""number"",
    ""Enrollment (K-12)"": ""number"",
    ""FRPM Count (Ages 5-17)"": ""number"",
    ""FRPM Count (K-12)"": ""number"",
    ""Free Meal Count (Ages 5-17)"": ""number"",
    ""Free Meal Count (K-12)"": ""number"",
    ""High Grade"": ""string"",
    ""IRC"": ""number"",
    ""Low Grade"": ""string"",
    ""NSLP Provision Status"": ""string"",
    ""Percent (%) Eligible FRPM (Ages 5-17)"": ""number"",
    ""Percent (%) Eligible FRPM (K-12)"": ""number"",
    ""Percent (%) Eligible Free (Ages 5-17)"": ""number"",
    ""Percent (%) Eligible Free (K-12)"": ""number"",
    ""School Code"": ""string"",
    ""School Name"": ""string"",
    ""School Type"": ""string"",
    ""_id"": ""ObjectId""
  },
  ""satscores"": {
    ""AvgScrMath"": ""number"",
    ""AvgScrRead"": ""number"",
    ""AvgScrWrite"": ""number"",
    ""NumGE1500"": ""number"",
    ""NumTstTakr"": ""number"",
    ""_id"": ""ObjectId"",
    ""cds"": ""string"",
    ""cname"": ""string"",
    ""dname"": ""string"",
    ""enroll12"": ""number"",
    ""rtype"": ""string"",
    ""sname"": ""string""
  },
  ""schools"": {
    ""AdmEmail1"": ""string"",
    ""AdmEmail2"": ""string"",
    ""AdmEmail3"": ""string"",
    ""AdmFName1"": ""string"",
    ""AdmFName2"": ""string"",
    ""AdmFName3"": ""string"",
    ""AdmLName1"": ""string"",
    ""AdmLName2"": ""string"",
    ""AdmLName3"": ""string"",
    ""CDSCode"": ""string"",
    ""Charter"": ""number"",
    ""CharterNum"": ""string"",
    ""City"": ""string"",
    ""ClosedDate"": ""string"",
    ""County"": ""string"",
    ""DOC"": ""string"",
    ""DOCType"": ""string"",
    ""District"": ""string"",
    ""EILCode"": ""string"",
    ""EILName"": ""string"",
    ""EdOpsCode"": ""string"",
    ""EdOpsName"": ""string"",
    ""Ext"": ""string"",
    ""FundingType"": ""string"",
    ""GSoffered"": ""string"",
    ""GSserved"": ""string"",
    ""LastUpdate"": ""string"",
    ""Latitude"": ""number"",
    ""Longitude"": ""number"",
    ""Magnet"": ""number"",
    ""MailCity"": ""string"",
    ""MailState"": ""string"",
    ""MailStrAbr"": ""string"",
    ""MailStreet"": ""string"",
    ""MailZip"": ""string"",
    ""NCESDist"": ""string"",
    ""NCESSchool"": ""string"",
    ""OpenDate"": ""string"",
    ""Phone"": ""string"",
    ""SOC"": ""string"",
    ""SOCType"": ""string"",
    ""School"": ""string"",
    ""State"": ""string"",
    ""StatusType"": ""string"",
    ""Street"": ""string"",
    ""StreetAbr"": ""string"",
    ""Virtual"": ""string"",
    ""Website"": ""string"",
    ""Zip"": ""string"",
    ""_id"": ""ObjectId""
  }
}

MongoDB query:
db.frpm.countDocuments({Educational Option Type: 'Continuation School', Free Meal Count (Ages 5-17) / Enrollment (Ages 5-17) IS NOT NULL, Order: 'ASC', Limit: 3})

Documentation:",1041,"The query is used to count the number of documents in the frpm collection where Educational Option Type is 'Continuation School', Free Meal Count (Ages 5-17) is not NULL, Order is 'ASC', and Limit is 3. This query is used to find the top 3 documents in the frpm collection where Educational Option Type is 'Continuation School', Free Meal Count (Ages 5-17) is not NULL, Order is 'ASC', and Limit is 3. The query is written in MongoDB shell syntax and is used to find the top 3 documents in the frpm collection where Educational Option Type is 'Continuation School', Free Meal Count (Ages 5-17) is not NULL, Order is 'ASC', and Limit is 3. The query is written in MongoDB shell syntax and is used to find the top 3 documents in the frpm collection where Educational Option Type is 'Continuation School', Free Meal Count (Ages 5-17) is not NULL, Order is 'ASC', and Limit is 3. The query is written in MongoDB shell syntax and is used to find the top 3 documents in the frpm collection where Educational Option Type is 'Contin",False,"{
  ""doc_correct"": false,
  ""reason"": ""The provided MongoDB query does not explain the collection, operation, filters, projections, sorting, limits, and aggregation behavior as required.""
}"
db.frpm.distinct('Zip'),"Generate documentation for the MongoDB shell query below.

Requirements:

* Explain what the query does in plain English.
* Mention the collection name and operation type (find, aggregate, distinct, or countDocuments).
* Describe filters, projections, sorting, limits, and aggregation stages when present.
* Return documentation text only.
* No code.
* No markdown fences.
* No extra headings or labels.

MongoDB collections:
{
  ""frpm"": {
    ""2013-14 CALPADS Fall 1 Certification Status"": ""number"",
    ""Academic Year"": ""string"",
    ""CDSCode"": ""string"",
    ""Charter Funding Type"": ""string"",
    ""Charter School (Y/N)"": ""number"",
    ""Charter School Number"": ""string"",
    ""County Code"": ""string"",
    ""County Name"": ""string"",
    ""District Code"": ""number"",
    ""District Name"": ""string"",
    ""District Type"": ""string"",
    ""Educational Option Type"": ""string"",
    ""Enrollment (Ages 5-17)"": ""number"",
    ""Enrollment (K-12)"": ""number"",
    ""FRPM Count (Ages 5-17)"": ""number"",
    ""FRPM Count (K-12)"": ""number"",
    ""Free Meal Count (Ages 5-17)"": ""number"",
    ""Free Meal Count (K-12)"": ""number"",
    ""High Grade"": ""string"",
    ""IRC"": ""number"",
    ""Low Grade"": ""string"",
    ""NSLP Provision Status"": ""string"",
    ""Percent (%) Eligible FRPM (Ages 5-17)"": ""number"",
    ""Percent (%) Eligible FRPM (K-12)"": ""number"",
    ""Percent (%) Eligible Free (Ages 5-17)"": ""number"",
    ""Percent (%) Eligible Free (K-12)"": ""number"",
    ""School Code"": ""string"",
    ""School Name"": ""string"",
    ""School Type"": ""string"",
    ""_id"": ""ObjectId""
  },
  ""satscores"": {
    ""AvgScrMath"": ""number"",
    ""AvgScrRead"": ""number"",
    ""AvgScrWrite"": ""number"",
    ""NumGE1500"": ""number"",
    ""NumTstTakr"": ""number"",
    ""_id"": ""ObjectId"",
    ""cds"": ""string"",
    ""cname"": ""string"",
    ""dname"": ""string"",
    ""enroll12"": ""number"",
    ""rtype"": ""string"",
    ""sname"": ""string""
  },
  ""schools"": {
    ""AdmEmail1"": ""string"",
    ""AdmEmail2"": ""string"",
    ""AdmEmail3"": ""string"",
    ""AdmFName1"": ""string"",
    ""AdmFName2"": ""string"",
    ""AdmFName3"": ""string"",
    ""AdmLName1"": ""string"",
    ""AdmLName2"": ""string"",
    ""AdmLName3"": ""string"",
    ""CDSCode"": ""string"",
    ""Charter"": ""number"",
    ""CharterNum"": ""string"",
    ""City"": ""string"",
    ""ClosedDate"": ""string"",
    ""County"": ""string"",
    ""DOC"": ""string"",
    ""DOCType"": ""string"",
    ""District"": ""string"",
    ""EILCode"": ""string"",
    ""EILName"": ""string"",
    ""EdOpsCode"": ""string"",
    ""EdOpsName"": ""string"",
    ""Ext"": ""string"",
    ""FundingType"": ""string"",
    ""GSoffered"": ""string"",
    ""GSserved"": ""string"",
    ""LastUpdate"": ""string"",
    ""Latitude"": ""number"",
    ""Longitude"": ""number"",
    ""Magnet"": ""number"",
    ""MailCity"": ""string"",
    ""MailState"": ""string"",
    ""MailStrAbr"": ""string"",
    ""MailStreet"": ""string"",
    ""MailZip"": ""string"",
    ""NCESDist"": ""string"",
    ""NCESSchool"": ""string"",
    ""OpenDate"": ""string"",
    ""Phone"": ""string"",
    ""SOC"": ""string"",
    ""SOCType"": ""string"",
    ""School"": ""string"",
    ""State"": ""string"",
    ""StatusType"": ""string"",
    ""Street"": ""string"",
    ""StreetAbr"": ""string"",
    ""Virtual"": ""string"",
    ""Website"": ""string"",
    ""Zip"": ""string"",
    ""_id"": ""ObjectId""
  }
}

MongoDB query:
db.frpm.distinct('Zip')

Documentation:",996,"The query `db.frpm.distinct('Zip')` returns a list of unique values for the `Zip` field in the `frpm` collection. This means that the query will return a list of all unique ZIP codes present in the `frpm` collection. The `distinct` operator is used to return a list of distinct values from a specified field in a collection. In this case, the `Zip` field is used as the field to return the unique values. The result of the query will be a list of all unique ZIP codes present in the `frpm` collection.",True,"{
  ""doc_correct"": true,
  ""reason"": ""briefly describes the purpose of the query and its expected outcome.""
}"
,"Generate documentation for the MongoDB shell query below.

Requirements:

* Explain what the query does in plain English.
* Mention the collection name and operation type (find, aggregate, distinct, or countDocuments).
* Describe filters, projections, sorting, limits, and aggregation stages when present.
* Return documentation text only.
* No code.
* No markdown fences.
* No extra headings or labels.

MongoDB collections:
{
  ""frpm"": {
    ""2013-14 CALPADS Fall 1 Certification Status"": ""number"",
    ""Academic Year"": ""string"",
    ""CDSCode"": ""string"",
    ""Charter Funding Type"": ""string"",
    ""Charter School (Y/N)"": ""number"",
    ""Charter School Number"": ""string"",
    ""County Code"": ""string"",
    ""County Name"": ""string"",
    ""District Code"": ""number"",
    ""District Name"": ""string"",
    ""District Type"": ""string"",
    ""Educational Option Type"": ""string"",
    ""Enrollment (Ages 5-17)"": ""number"",
    ""Enrollment (K-12)"": ""number"",
    ""FRPM Count (Ages 5-17)"": ""number"",
    ""FRPM Count (K-12)"": ""number"",
    ""Free Meal Count (Ages 5-17)"": ""number"",
    ""Free Meal Count (K-12)"": ""number"",
    ""High Grade"": ""string"",
    ""IRC"": ""number"",
    ""Low Grade"": ""string"",
    ""NSLP Provision Status"": ""string"",
    ""Percent (%) Eligible FRPM (Ages 5-17)"": ""number"",
    ""Percent (%) Eligible FRPM (K-12)"": ""number"",
    ""Percent (%) Eligible Free (Ages 5-17)"": ""number"",
    ""Percent (%) Eligible Free (K-12)"": ""number"",
    ""School Code"": ""string"",
    ""School Name"": ""string"",
    ""School Type"": ""string"",
    ""_id"": ""ObjectId""
  },
  ""satscores"": {
    ""AvgScrMath"": ""number"",
    ""AvgScrRead"": ""number"",
    ""AvgScrWrite"": ""number"",
    ""NumGE1500"": ""number"",
    ""NumTstTakr"": ""number"",
    ""_id"": ""ObjectId"",
    ""cds"": ""string"",
    ""cname"": ""string"",
    ""dname"": ""string"",
    ""enroll12"": ""number"",
    ""rtype"": ""string"",
    ""sname"": ""string""
  },
  ""schools"": {
    ""AdmEmail1"": ""string"",
    ""AdmEmail2"": ""string"",
    ""AdmEmail3"": ""string"",
    ""AdmFName1"": ""string"",
    ""AdmFName2"": ""string"",
    ""AdmFName3"": ""string"",
    ""AdmLName1"": ""string"",
    ""AdmLName2"": ""string"",
    ""AdmLName3"": ""string"",
    ""CDSCode"": ""string"",
    ""Charter"": ""number"",
    ""CharterNum"": ""string"",
    ""City"": ""string"",
    ""ClosedDate"": ""string"",
    ""County"": ""string"",
    ""DOC"": ""string"",
    ""DOCType"": ""string"",
    ""District"": ""string"",
    ""EILCode"": ""string"",
    ""EILName"": ""string"",
    ""EdOpsCode"": ""string"",
    ""EdOpsName"": ""string"",
    ""Ext"": ""string"",
    ""FundingType"": ""string"",
    ""GSoffered"": ""string"",
    ""GSserved"": ""string"",
    ""LastUpdate"": ""string"",
    ""Latitude"": ""number"",
    ""Longitude"": ""number"",
    ""Magnet"": ""number"",
    ""MailCity"": ""string"",
    ""MailState"": ""string"",
    ""MailStrAbr"": ""string"",
    ""MailStreet"": ""string"",
    ""MailZip"": ""string"",
    ""NCESDist"": ""string"",
    ""NCESSchool"": ""string"",
    ""OpenDate"": ""string"",
    ""Phone"": ""string"",
    ""SOC"": ""string"",
    ""SOCType"": ""string"",
    ""School"": ""string"",
    ""State"": ""string"",
    ""StatusType"": ""string"",
    ""Street"": ""string"",
    ""StreetAbr"": ""string"",
    ""Virtual"": ""string"",
    ""Website"": ""string"",
    ""Zip"": ""string"",
    ""_id"": ""ObjectId""
  }
}

MongoDB query:


Documentation:",988,"The query is used to retrieve information about schools and their associated data from the MongoDB collection ""schools"". The query filters the data based on the ""AdmEmail1"" field, which is a unique identifier for each school. The projection includes the fields ""AdmEmail1"", ""AdmEmail2"", ""AdmEmail3"", ""AdmFName1"", ""AdmFName2"", ""AdmFName3"", ""AdmLName1"", ""AdmLName2"", ""AdmLName3"", ""CDSCode"", ""Charter"", ""CharterNum"", ""City"", ""ClosedDate"", ""County"", ""DOC"", ""DOCType"", ""District"", ""EILCode"", ""EILName"", ""EdOpsCode"", ""EdOpsName"", ""Ext"", ""FundingType"", ""GSoffered"", ""GSserved"", ""LastUpdate"", ""Latitude"", ""Longitude"", ""Magnet"", ""MailCity"", ""MailState"", ""MailStrAbr"", ""MailStreet"", ""MailZip"", ""NCESDist"", ""NCESSchool"", ""OpenDate"", ""Phone"", ""SOC"", ""SOCType"", ""School"", ""State"", ""StatusType"", ""Street"", """,False,Skipped Qwen evaluation: missing MongoDB query
,"Generate documentation for the MongoDB shell query below.

Requirements:

* Explain what the query does in plain English.
* Mention the collection name and operation type (find, aggregate, distinct, or countDocuments).
* Describe filters, projections, sorting, limits, and aggregation stages when present.
* Return documentation text only.
* No code.
* No markdown fences.
* No extra headings or labels.

MongoDB collections:
{
  ""frpm"": {
    ""2013-14 CALPADS Fall 1 Certification Status"": ""number"",
    ""Academic Year"": ""string"",
    ""CDSCode"": ""string"",
    ""Charter Funding Type"": ""string"",
    ""Charter School (Y/N)"": ""number"",
    ""Charter School Number"": ""string"",
    ""County Code"": ""string"",
    ""County Name"": ""string"",
    ""District Code"": ""number"",
    ""District Name"": ""string"",
    ""District Type"": ""string"",
    ""Educational Option Type"": ""string"",
    ""Enrollment (Ages 5-17)"": ""number"",
    ""Enrollment (K-12)"": ""number"",
    ""FRPM Count (Ages 5-17)"": ""number"",
    ""FRPM Count (K-12)"": ""number"",
    ""Free Meal Count (Ages 5-17)"": ""number"",
    ""Free Meal Count (K-12)"": ""number"",
    ""High Grade"": ""string"",
    ""IRC"": ""number"",
    ""Low Grade"": ""string"",
    ""NSLP Provision Status"": ""string"",
    ""Percent (%) Eligible FRPM (Ages 5-17)"": ""number"",
    ""Percent (%) Eligible FRPM (K-12)"": ""number"",
    ""Percent (%) Eligible Free (Ages 5-17)"": ""number"",
    ""Percent (%) Eligible Free (K-12)"": ""number"",
    ""School Code"": ""string"",
    ""School Name"": ""string"",
    ""School Type"": ""string"",
    ""_id"": ""ObjectId""
  },
  ""satscores"": {
    ""AvgScrMath"": ""number"",
    ""AvgScrRead"": ""number"",
    ""AvgScrWrite"": ""number"",
    ""NumGE1500"": ""number"",
    ""NumTstTakr"": ""number"",
    ""_id"": ""ObjectId"",
    ""cds"": ""string"",
    ""cname"": ""string"",
    ""dname"": ""string"",
    ""enroll12"": ""number"",
    ""rtype"": ""string"",
    ""sname"": ""string""
  },
  ""schools"": {
    ""AdmEmail1"": ""string"",
    ""AdmEmail2"": ""string"",
    ""AdmEmail3"": ""string"",
    ""AdmFName1"": ""string"",
    ""AdmFName2"": ""string"",
    ""AdmFName3"": ""string"",
    ""AdmLName1"": ""string"",
    ""AdmLName2"": ""string"",
    ""AdmLName3"": ""string"",
    ""CDSCode"": ""string"",
    ""Charter"": ""number"",
    ""CharterNum"": ""string"",
    ""City"": ""string"",
    ""ClosedDate"": ""string"",
    ""County"": ""string"",
    ""DOC"": ""string"",
    ""DOCType"": ""string"",
    ""District"": ""string"",
    ""EILCode"": ""string"",
    ""EILName"": ""string"",
    ""EdOpsCode"": ""string"",
    ""EdOpsName"": ""string"",
    ""Ext"": ""string"",
    ""FundingType"": ""string"",
    ""GSoffered"": ""string"",
    ""GSserved"": ""string"",
    ""LastUpdate"": ""string"",
    ""Latitude"": ""number"",
    ""Longitude"": ""number"",
    ""Magnet"": ""number"",
    ""MailCity"": ""string"",
    ""MailState"": ""string"",
    ""MailStrAbr"": ""string"",
    ""MailStreet"": ""string"",
    ""MailZip"": ""string"",
    ""NCESDist"": ""string"",
    ""NCESSchool"": ""string"",
    ""OpenDate"": ""string"",
    ""Phone"": ""string"",
    ""SOC"": ""string"",
    ""SOCType"": ""string"",
    ""School"": ""string"",
    ""State"": ""string"",
    ""StatusType"": ""string"",
    ""Street"": ""string"",
    ""StreetAbr"": ""string"",
    ""Virtual"": ""string"",
    ""Website"": ""string"",
    ""Zip"": ""string"",
    ""_id"": ""ObjectId""
  }
}

MongoDB query:


Documentation:",988,"The query is used to retrieve information about schools and their associated data from the MongoDB collection ""schools"". The query filters the data based on the ""AdmEmail1"" field, which is a unique identifier for each school. The projection includes the fields ""AdmEmail1"", ""AdmEmail2"", ""AdmEmail3"", ""AdmFName1"", ""AdmFName2"", ""AdmFName3"", ""AdmLName1"", ""AdmLName2"", ""AdmLName3"", ""CDSCode"", ""Charter"", ""CharterNum"", ""City"", ""ClosedDate"", ""County"", ""DOC"", ""DOCType"", ""District"", ""EILCode"", ""EILName"", ""EdOpsCode"", ""EdOpsName"", ""Ext"", ""FundingType"", ""GSoffered"", ""GSserved"", ""LastUpdate"", ""Latitude"", ""Longitude"", ""Magnet"", ""MailCity"", ""MailState"", ""MailStrAbr"", ""MailStreet"", ""MailZip"", ""NCESDist"", ""NCESSchool"", ""OpenDate"", ""Phone"", ""SOC"", ""SOCType"", ""School"", ""State"", ""StatusType"", ""Street"", """,False,Skipped Qwen evaluation: missing MongoDB query
"db.satscores.countDocuments({cds: ""F"", avgScrMath: {$gt: 400}})","Generate documentation for the MongoDB shell query below.

Requirements:

* Explain what the query does in plain English.
* Mention the collection name and operation type (find, aggregate, distinct, or countDocuments).
* Describe filters, projections, sorting, limits, and aggregation stages when present.
* Return documentation text only.
* No code.
* No markdown fences.
* No extra headings or labels.

MongoDB collections:
{
  ""frpm"": {
    ""2013-14 CALPADS Fall 1 Certification Status"": ""number"",
    ""Academic Year"": ""string"",
    ""CDSCode"": ""string"",
    ""Charter Funding Type"": ""string"",
    ""Charter School (Y/N)"": ""number"",
    ""Charter School Number"": ""string"",
    ""County Code"": ""string"",
    ""County Name"": ""string"",
    ""District Code"": ""number"",
    ""District Name"": ""string"",
    ""District Type"": ""string"",
    ""Educational Option Type"": ""string"",
    ""Enrollment (Ages 5-17)"": ""number"",
    ""Enrollment (K-12)"": ""number"",
    ""FRPM Count (Ages 5-17)"": ""number"",
    ""FRPM Count (K-12)"": ""number"",
    ""Free Meal Count (Ages 5-17)"": ""number"",
    ""Free Meal Count (K-12)"": ""number"",
    ""High Grade"": ""string"",
    ""IRC"": ""number"",
    ""Low Grade"": ""string"",
    ""NSLP Provision Status"": ""string"",
    ""Percent (%) Eligible FRPM (Ages 5-17)"": ""number"",
    ""Percent (%) Eligible FRPM (K-12)"": ""number"",
    ""Percent (%) Eligible Free (Ages 5-17)"": ""number"",
    ""Percent (%) Eligible Free (K-12)"": ""number"",
    ""School Code"": ""string"",
    ""School Name"": ""string"",
    ""School Type"": ""string"",
    ""_id"": ""ObjectId""
  },
  ""satscores"": {
    ""AvgScrMath"": ""number"",
    ""AvgScrRead"": ""number"",
    ""AvgScrWrite"": ""number"",
    ""NumGE1500"": ""number"",
    ""NumTstTakr"": ""number"",
    ""_id"": ""ObjectId"",
    ""cds"": ""string"",
    ""cname"": ""string"",
    ""dname"": ""string"",
    ""enroll12"": ""number"",
    ""rtype"": ""string"",
    ""sname"": ""string""
  },
  ""schools"": {
    ""AdmEmail1"": ""string"",
    ""AdmEmail2"": ""string"",
    ""AdmEmail3"": ""string"",
    ""AdmFName1"": ""string"",
    ""AdmFName2"": ""string"",
    ""AdmFName3"": ""string"",
    ""AdmLName1"": ""string"",
    ""AdmLName2"": ""string"",
    ""AdmLName3"": ""string"",
    ""CDSCode"": ""string"",
    ""Charter"": ""number"",
    ""CharterNum"": ""string"",
    ""City"": ""string"",
    ""ClosedDate"": ""string"",
    ""County"": ""string"",
    ""DOC"": ""string"",
    ""DOCType"": ""string"",
    ""District"": ""string"",
    ""EILCode"": ""string"",
    ""EILName"": ""string"",
    ""EdOpsCode"": ""string"",
    ""EdOpsName"": ""string"",
    ""Ext"": ""string"",
    ""FundingType"": ""string"",
    ""GSoffered"": ""string"",
    ""GSserved"": ""string"",
    ""LastUpdate"": ""string"",
    ""Latitude"": ""number"",
    ""Longitude"": ""number"",
    ""Magnet"": ""number"",
    ""MailCity"": ""string"",
    ""MailState"": ""string"",
    ""MailStrAbr"": ""string"",
    ""MailStreet"": ""string"",
    ""MailZip"": ""string"",
    ""NCESDist"": ""string"",
    ""NCESSchool"": ""string"",
    ""OpenDate"": ""string"",
    ""Phone"": ""string"",
    ""SOC"": ""string"",
    ""SOCType"": ""string"",
    ""School"": ""string"",
    ""State"": ""string"",
    ""StatusType"": ""string"",
    ""Street"": ""string"",
    ""StreetAbr"": ""string"",
    ""Virtual"": ""string"",
    ""Website"": ""string"",
    ""Zip"": ""string"",
    ""_id"": ""ObjectId""
  }
}

MongoDB query:
db.satscores.countDocuments({cds: ""F"", avgScrMath: {$gt: 400}})

Documentation:",1014,"The query is used to count the number of documents in the ""satscores"" collection where the ""cds"" field is ""F"" and the ""avgScrMath"" field is greater than 400. The query is written in MongoDB syntax and is written in plain English. The filters used in the query are as follows:

* ""cds"": ""F"" - This filters the documents where the ""cds"" field is ""F"".
* ""avgScrMath"": {$gt: 400} - This filters the documents where the ""avgScrMath"" field is greater than 400.

The projection used in the query is as follows:

* ""_id"": ""ObjectId"" - This specifies that the ""_id"" field should be included in the result set.
* ""cds"": ""string"" - This specifies that the ""cds"" field should be included in the projection.
* ""avgScrMath"": ""number"" - This specifies that the ""avgScrMath"" field should be included in the projection.
* ""numGE1500"": ""number"" - This specifies that the ""numGE1500"" field should be included in the projection.
* ""numTstTakr",False,"{
  ""doc_correct"": false,
  ""reason"": ""The provided MongoDB query does not explain how it counts distinct values for the 'School' field within the 'satscores' collection.""
}"
"db.satscores.countDocuments({cds: ""1"", magnet: 1, numTstTakr: {$gt: 500}})","Generate documentation for the MongoDB shell query below.

Requirements:

* Explain what the query does in plain English.
* Mention the collection name and operation type (find, aggregate, distinct, or countDocuments).
* Describe filters, projections, sorting, limits, and aggregation stages when present.
* Return documentation text only.
* No code.
* No markdown fences.
* No extra headings or labels.

MongoDB collections:
{
  ""frpm"": {
    ""2013-14 CALPADS Fall 1 Certification Status"": ""number"",
    ""Academic Year"": ""string"",
    ""CDSCode"": ""string"",
    ""Charter Funding Type"": ""string"",
    ""Charter School (Y/N)"": ""number"",
    ""Charter School Number"": ""string"",
    ""County Code"": ""string"",
    ""County Name"": ""string"",
    ""District Code"": ""number"",
    ""District Name"": ""string"",
    ""District Type"": ""string"",
    ""Educational Option Type"": ""string"",
    ""Enrollment (Ages 5-17)"": ""number"",
    ""Enrollment (K-12)"": ""number"",
    ""FRPM Count (Ages 5-17)"": ""number"",
    ""FRPM Count (K-12)"": ""number"",
    ""Free Meal Count (Ages 5-17)"": ""number"",
    ""Free Meal Count (K-12)"": ""number"",
    ""High Grade"": ""string"",
    ""IRC"": ""number"",
    ""Low Grade"": ""string"",
    ""NSLP Provision Status"": ""string"",
    ""Percent (%) Eligible FRPM (Ages 5-17)"": ""number"",
    ""Percent (%) Eligible FRPM (K-12)"": ""number"",
    ""Percent (%) Eligible Free (Ages 5-17)"": ""number"",
    ""Percent (%) Eligible Free (K-12)"": ""number"",
    ""School Code"": ""string"",
    ""School Name"": ""string"",
    ""School Type"": ""string"",
    ""_id"": ""ObjectId""
  },
  ""satscores"": {
    ""AvgScrMath"": ""number"",
    ""AvgScrRead"": ""number"",
    ""AvgScrWrite"": ""number"",
    ""NumGE1500"": ""number"",
    ""NumTstTakr"": ""number"",
    ""_id"": ""ObjectId"",
    ""cds"": ""string"",
    ""cname"": ""string"",
    ""dname"": ""string"",
    ""enroll12"": ""number"",
    ""rtype"": ""string"",
    ""sname"": ""string""
  },
  ""schools"": {
    ""AdmEmail1"": ""string"",
    ""AdmEmail2"": ""string"",
    ""AdmEmail3"": ""string"",
    ""AdmFName1"": ""string"",
    ""AdmFName2"": ""string"",
    ""AdmFName3"": ""string"",
    ""AdmLName1"": ""string"",
    ""AdmLName2"": ""string"",
    ""AdmLName3"": ""string"",
    ""CDSCode"": ""string"",
    ""Charter"": ""number"",
    ""CharterNum"": ""string"",
    ""City"": ""string"",
    ""ClosedDate"": ""string"",
    ""County"": ""string"",
    ""DOC"": ""string"",
    ""DOCType"": ""string"",
    ""District"": ""string"",
    ""EILCode"": ""string"",
    ""EILName"": ""string"",
    ""EdOpsCode"": ""string"",
    ""EdOpsName"": ""string"",
    ""Ext"": ""string"",
    ""FundingType"": ""string"",
    ""GSoffered"": ""string"",
    ""GSserved"": ""string"",
    ""LastUpdate"": ""string"",
    ""Latitude"": ""number"",
    ""Longitude"": ""number"",
    ""Magnet"": ""number"",
    ""MailCity"": ""string"",
    ""MailState"": ""string"",
    ""MailStrAbr"": ""string"",
    ""MailStreet"": ""string"",
    ""MailZip"": ""string"",
    ""NCESDist"": ""string"",
    ""NCESSchool"": ""string"",
    ""OpenDate"": ""string"",
    ""Phone"": ""string"",
    ""SOC"": ""string"",
    ""SOCType"": ""string"",
    ""School"": ""string"",
    ""State"": ""string"",
    ""StatusType"": ""string"",
    ""Street"": ""string"",
    ""StreetAbr"": ""string"",
    ""Virtual"": ""string"",
    ""Website"": ""string"",
    ""Zip"": ""string"",
    ""_id"": ""ObjectId""
  }
}

MongoDB query:
db.satscores.countDocuments({cds: ""1"", magnet: 1, numTstTakr: {$gt: 500}})

Documentation:",1022,"The query is used to count the number of documents in the ""satscores"" collection where the ""cds"" field is equal to ""1"", the ""magnet"" field is greater than 1, and the ""numTstTakr"" field is greater than or equal to 500. The query is written in MongoDB syntax and is written in plain English. The filters used in the query are as follows:

* ""cds"": ""1"" - This filters the documents where the ""cds"" field is equal to ""1"".
* ""magnet"": 1 - This filters the documents where the ""magnet"" field is greater than 1.
* ""numTstTakr"": {$gt: 500} - This filters the documents where the ""numTstTakr"" field is greater than or equal to 500.

The projection used in the query is as follows:

* ""_id"": ""ObjectId"" - This specifies that the ""_id"" field should be included in the result set.
* ""cds"": ""string"" - This specifies that the ""cds"" field should be included in the result set.
* ""cname"": ""string"" - This specifies that",False,"{
  ""doc_correct"": false,
  ""reason"": ""The provided MongoDB query does not match the given SQL query. The SQL query uses `$eq`, `$gt`, and `$gte` operators for filtering, while the MongoDB query uses `$in` operator.""
}"
,"Generate documentation for the MongoDB shell query below.

Requirements:

* Explain what the query does in plain English.
* Mention the collection name and operation type (find, aggregate, distinct, or countDocuments).
* Describe filters, projections, sorting, limits, and aggregation stages when present.
* Return documentation text only.
* No code.
* No markdown fences.
* No extra headings or labels.

MongoDB collections:
{
  ""frpm"": {
    ""2013-14 CALPADS Fall 1 Certification Status"": ""number"",
    ""Academic Year"": ""string"",
    ""CDSCode"": ""string"",
    ""Charter Funding Type"": ""string"",
    ""Charter School (Y/N)"": ""number"",
    ""Charter School Number"": ""string"",
    ""County Code"": ""string"",
    ""County Name"": ""string"",
    ""District Code"": ""number"",
    ""District Name"": ""string"",
    ""District Type"": ""string"",
    ""Educational Option Type"": ""string"",
    ""Enrollment (Ages 5-17)"": ""number"",
    ""Enrollment (K-12)"": ""number"",
    ""FRPM Count (Ages 5-17)"": ""number"",
    ""FRPM Count (K-12)"": ""number"",
    ""Free Meal Count (Ages 5-17)"": ""number"",
    ""Free Meal Count (K-12)"": ""number"",
    ""High Grade"": ""string"",
    ""IRC"": ""number"",
    ""Low Grade"": ""string"",
    ""NSLP Provision Status"": ""string"",
    ""Percent (%) Eligible FRPM (Ages 5-17)"": ""number"",
    ""Percent (%) Eligible FRPM (K-12)"": ""number"",
    ""Percent (%) Eligible Free (Ages 5-17)"": ""number"",
    ""Percent (%) Eligible Free (K-12)"": ""number"",
    ""School Code"": ""string"",
    ""School Name"": ""string"",
    ""School Type"": ""string"",
    ""_id"": ""ObjectId""
  },
  ""satscores"": {
    ""AvgScrMath"": ""number"",
    ""AvgScrRead"": ""number"",
    ""AvgScrWrite"": ""number"",
    ""NumGE1500"": ""number"",
    ""NumTstTakr"": ""number"",
    ""_id"": ""ObjectId"",
    ""cds"": ""string"",
    ""cname"": ""string"",
    ""dname"": ""string"",
    ""enroll12"": ""number"",
    ""rtype"": ""string"",
    ""sname"": ""string""
  },
  ""schools"": {
    ""AdmEmail1"": ""string"",
    ""AdmEmail2"": ""string"",
    ""AdmEmail3"": ""string"",
    ""AdmFName1"": ""string"",
    ""AdmFName2"": ""string"",
    ""AdmFName3"": ""string"",
    ""AdmLName1"": ""string"",
    ""AdmLName2"": ""string"",
    ""AdmLName3"": ""string"",
    ""CDSCode"": ""string"",
    ""Charter"": ""number"",
    ""CharterNum"": ""string"",
    ""City"": ""string"",
    ""ClosedDate"": ""string"",
    ""County"": ""string"",
    ""DOC"": ""string"",
    ""DOCType"": ""string"",
    ""District"": ""string"",
    ""EILCode"": ""string"",
    ""EILName"": ""string"",
    ""EdOpsCode"": ""string"",
    ""EdOpsName"": ""string"",
    ""Ext"": ""string"",
    ""FundingType"": ""string"",
    ""GSoffered"": ""string"",
    ""GSserved"": ""string"",
    ""LastUpdate"": ""string"",
    ""Latitude"": ""number"",
    ""Longitude"": ""number"",
    ""Magnet"": ""number"",
    ""MailCity"": ""string"",
    ""MailState"": ""string"",
    ""MailStrAbr"": ""string"",
    ""MailStreet"": ""string"",
    ""MailZip"": ""string"",
    ""NCESDist"": ""string"",
    ""NCESSchool"": ""string"",
    ""OpenDate"": ""string"",
    ""Phone"": ""string"",
    ""SOC"": ""string"",
    ""SOCType"": ""string"",
    ""School"": ""string"",
    ""State"": ""string"",
    ""StatusType"": ""string"",
    ""Street"": ""string"",
    ""StreetAbr"": ""string"",
    ""Virtual"": ""string"",
    ""Website"": ""string"",
    ""Zip"": ""string"",
    ""_id"": ""ObjectId""
  }
}

MongoDB query:


Documentation:",988,"The query is used to retrieve information about schools and their associated data from the MongoDB collection ""schools"". The query filters the data based on the ""AdmEmail1"" field, which is a unique identifier for each school. The projection includes the fields ""AdmEmail1"", ""AdmEmail2"", ""AdmEmail3"", ""AdmFName1"", ""AdmFName2"", ""AdmFName3"", ""AdmLName1"", ""AdmLName2"", ""AdmLName3"", ""CDSCode"", ""Charter"", ""CharterNum"", ""City"", ""ClosedDate"", ""County"", ""DOC"", ""DOCType"", ""District"", ""EILCode"", ""EILName"", ""EdOpsCode"", ""EdOpsName"", ""Ext"", ""FundingType"", ""GSoffered"", ""GSserved"", ""LastUpdate"", ""Latitude"", ""Longitude"", ""Magnet"", ""MailCity"", ""MailState"", ""MailStrAbr"", ""MailStreet"", ""MailZip"", ""NCESDist"", ""NCESSchool"", ""OpenDate"", ""Phone"", ""SOC"", ""SOCType"", ""School"", ""State"", ""StatusType"", ""Street"", """,False,Skipped Qwen evaluation: missing MongoDB query
db.satscores.countDocuments({ cds: (db.frpm.find({}).sort({`FRPM Count (K-12)`: -1}).limit(1).toArray()[0].CDSCode) }),"Generate documentation for the MongoDB shell query below.

Requirements:

* Explain what the query does in plain English.
* Mention the collection name and operation type (find, aggregate, distinct, or countDocuments).
* Describe filters, projections, sorting, limits, and aggregation stages when present.
* Return documentation text only.
* No code.
* No markdown fences.
* No extra headings or labels.

MongoDB collections:
{
  ""frpm"": {
    ""2013-14 CALPADS Fall 1 Certification Status"": ""number"",
    ""Academic Year"": ""string"",
    ""CDSCode"": ""string"",
    ""Charter Funding Type"": ""string"",
    ""Charter School (Y/N)"": ""number"",
    ""Charter School Number"": ""string"",
    ""County Code"": ""string"",
    ""County Name"": ""string"",
    ""District Code"": ""number"",
    ""District Name"": ""string"",
    ""District Type"": ""string"",
    ""Educational Option Type"": ""string"",
    ""Enrollment (Ages 5-17)"": ""number"",
    ""Enrollment (K-12)"": ""number"",
    ""FRPM Count (Ages 5-17)"": ""number"",
    ""FRPM Count (K-12)"": ""number"",
    ""Free Meal Count (Ages 5-17)"": ""number"",
    ""Free Meal Count (K-12)"": ""number"",
    ""High Grade"": ""string"",
    ""IRC"": ""number"",
    ""Low Grade"": ""string"",
    ""NSLP Provision Status"": ""string"",
    ""Percent (%) Eligible FRPM (Ages 5-17)"": ""number"",
    ""Percent (%) Eligible FRPM (K-12)"": ""number"",
    ""Percent (%) Eligible Free (Ages 5-17)"": ""number"",
    ""Percent (%) Eligible Free (K-12)"": ""number"",
    ""School Code"": ""string"",
    ""School Name"": ""string"",
    ""School Type"": ""string"",
    ""_id"": ""ObjectId""
  },
  ""satscores"": {
    ""AvgScrMath"": ""number"",
    ""AvgScrRead"": ""number"",
    ""AvgScrWrite"": ""number"",
    ""NumGE1500"": ""number"",
    ""NumTstTakr"": ""number"",
    ""_id"": ""ObjectId"",
    ""cds"": ""string"",
    ""cname"": ""string"",
    ""dname"": ""string"",
    ""enroll12"": ""number"",
    ""rtype"": ""string"",
    ""sname"": ""string""
  },
  ""schools"": {
    ""AdmEmail1"": ""string"",
    ""AdmEmail2"": ""string"",
    ""AdmEmail3"": ""string"",
    ""AdmFName1"": ""string"",
    ""AdmFName2"": ""string"",
    ""AdmFName3"": ""string"",
    ""AdmLName1"": ""string"",
    ""AdmLName2"": ""string"",
    ""AdmLName3"": ""string"",
    ""CDSCode"": ""string"",
    ""Charter"": ""number"",
    ""CharterNum"": ""string"",
    ""City"": ""string"",
    ""ClosedDate"": ""string"",
    ""County"": ""string"",
    ""DOC"": ""string"",
    ""DOCType"": ""string"",
    ""District"": ""string"",
    ""EILCode"": ""string"",
    ""EILName"": ""string"",
    ""EdOpsCode"": ""string"",
    ""EdOpsName"": ""string"",
    ""Ext"": ""string"",
    ""FundingType"": ""string"",
    ""GSoffered"": ""string"",
    ""GSserved"": ""string"",
    ""LastUpdate"": ""string"",
    ""Latitude"": ""number"",
    ""Longitude"": ""number"",
    ""Magnet"": ""number"",
    ""MailCity"": ""string"",
    ""MailState"": ""string"",
    ""MailStrAbr"": ""string"",
    ""MailStreet"": ""string"",
    ""MailZip"": ""string"",
    ""NCESDist"": ""string"",
    ""NCESSchool"": ""string"",
    ""OpenDate"": ""string"",
    ""Phone"": ""string"",
    ""SOC"": ""string"",
    ""SOCType"": ""string"",
    ""School"": ""string"",
    ""State"": ""string"",
    ""StatusType"": ""string"",
    ""Street"": ""string"",
    ""StreetAbr"": ""string"",
    ""Virtual"": ""string"",
    ""Website"": ""string"",
    ""Zip"": ""string"",
    ""_id"": ""ObjectId""
  }
}

MongoDB query:
db.satscores.countDocuments({ cds: (db.frpm.find({}).sort({`FRPM Count (K-12)`: -1}).limit(1).toArray()[0].CDSCode) })

Documentation:",1033,"The query is used to count the number of schools in the ""satscores"" collection that have a ""CDSCode"" that matches the ""frpm.find({})"" query. The ""frpm.find({})"" query is used to retrieve the ""frpm"" collection, and the ""sort({`FRPM Count (K-12)`: -1})"" and ""limit(1).toArray()[0].CDSCode)"" are used to sort the results by the ""FRPM Count (K-12)"" field in descending order and to retrieve the first result in the array. The ""db.satscores.countDocuments({ cds: (db.frpm.find({}).sort({`FRPM Count (K-12)`: -1}).limit(1).toArray()[0].CDSCode) })"" part of the query is used to count the number of schools that match the ""CDSCode"" field in the ""frpm"" collection.",False,"{
  ""doc_correct"": false,
  ""reason"": ""The provided MongoDB query does not explain how it retrieves documents from the 'frpm' collection based on the 'CDSCode'. It only shows the structure of the query without explaining the filtering logic.""
}"
"db.satscores.countDocuments({$and:[{`AvgScrMath` : {$gt:560}},`Charter Funding Type` : 'Directly funded' }])","Generate documentation for the MongoDB shell query below.

Requirements:

* Explain what the query does in plain English.
* Mention the collection name and operation type (find, aggregate, distinct, or countDocuments).
* Describe filters, projections, sorting, limits, and aggregation stages when present.
* Return documentation text only.
* No code.
* No markdown fences.
* No extra headings or labels.

MongoDB collections:
{
  ""frpm"": {
    ""2013-14 CALPADS Fall 1 Certification Status"": ""number"",
    ""Academic Year"": ""string"",
    ""CDSCode"": ""string"",
    ""Charter Funding Type"": ""string"",
    ""Charter School (Y/N)"": ""number"",
    ""Charter School Number"": ""string"",
    ""County Code"": ""string"",
    ""County Name"": ""string"",
    ""District Code"": ""number"",
    ""District Name"": ""string"",
    ""District Type"": ""string"",
    ""Educational Option Type"": ""string"",
    ""Enrollment (Ages 5-17)"": ""number"",
    ""Enrollment (K-12)"": ""number"",
    ""FRPM Count (Ages 5-17)"": ""number"",
    ""FRPM Count (K-12)"": ""number"",
    ""Free Meal Count (Ages 5-17)"": ""number"",
    ""Free Meal Count (K-12)"": ""number"",
    ""High Grade"": ""string"",
    ""IRC"": ""number"",
    ""Low Grade"": ""string"",
    ""NSLP Provision Status"": ""string"",
    ""Percent (%) Eligible FRPM (Ages 5-17)"": ""number"",
    ""Percent (%) Eligible FRPM (K-12)"": ""number"",
    ""Percent (%) Eligible Free (Ages 5-17)"": ""number"",
    ""Percent (%) Eligible Free (K-12)"": ""number"",
    ""School Code"": ""string"",
    ""School Name"": ""string"",
    ""School Type"": ""string"",
    ""_id"": ""ObjectId""
  },
  ""satscores"": {
    ""AvgScrMath"": ""number"",
    ""AvgScrRead"": ""number"",
    ""AvgScrWrite"": ""number"",
    ""NumGE1500"": ""number"",
    ""NumTstTakr"": ""number"",
    ""_id"": ""ObjectId"",
    ""cds"": ""string"",
    ""cname"": ""string"",
    ""dname"": ""string"",
    ""enroll12"": ""number"",
    ""rtype"": ""string"",
    ""sname"": ""string""
  },
  ""schools"": {
    ""AdmEmail1"": ""string"",
    ""AdmEmail2"": ""string"",
    ""AdmEmail3"": ""string"",
    ""AdmFName1"": ""string"",
    ""AdmFName2"": ""string"",
    ""AdmFName3"": ""string"",
    ""AdmLName1"": ""string"",
    ""AdmLName2"": ""string"",
    ""AdmLName3"": ""string"",
    ""CDSCode"": ""string"",
    ""Charter"": ""number"",
    ""CharterNum"": ""string"",
    ""City"": ""string"",
    ""ClosedDate"": ""string"",
    ""County"": ""string"",
    ""DOC"": ""string"",
    ""DOCType"": ""string"",
    ""District"": ""string"",
    ""EILCode"": ""string"",
    ""EILName"": ""string"",
    ""EdOpsCode"": ""string"",
    ""EdOpsName"": ""string"",
    ""Ext"": ""string"",
    ""FundingType"": ""string"",
    ""GSoffered"": ""string"",
    ""GSserved"": ""string"",
    ""LastUpdate"": ""string"",
    ""Latitude"": ""number"",
    ""Longitude"": ""number"",
    ""Magnet"": ""number"",
    ""MailCity"": ""string"",
    ""MailState"": ""string"",
    ""MailStrAbr"": ""string"",
    ""MailStreet"": ""string"",
    ""MailZip"": ""string"",
    ""NCESDist"": ""string"",
    ""NCESSchool"": ""string"",
    ""OpenDate"": ""string"",
    ""Phone"": ""string"",
    ""SOC"": ""string"",
    ""SOCType"": ""string"",
    ""School"": ""string"",
    ""State"": ""string"",
    ""StatusType"": ""string"",
    ""Street"": ""string"",
    ""StreetAbr"": ""string"",
    ""Virtual"": ""string"",
    ""Website"": ""string"",
    ""Zip"": ""string"",
    ""_id"": ""ObjectId""
  }
}

MongoDB query:
db.satscores.countDocuments({$and:[{`AvgScrMath` : {$gt:560}},`Charter Funding Type` : 'Directly funded' }])

Documentation:",1026,The query is used to count the number of documents in the `satscores` collection where the `AvgScrMath` field is greater than 560 and the `Charter Funding Type` is 'Directly funded'. The `$and` operator is used to combine the two conditions. The `$gt` operator is used to filter for documents where the `AvgScrMath` field is greater than 560. The `$or` operator is used to combine the two conditions. The `$gt` operator is used to filter for documents where the `AvgScrMath` field is greater than 560. The `$and` operator is used to combine the two conditions. The `$gt` operator is used to filter for documents where the `AvgScrMath` field is greater than 560. The `$or` operator is used to combine the two conditions. The `$gt` operator is used to filter for documents where the `AvgScrMath` field is greater than 560. The `$and` operator is used to combine the two conditions. The `$gt` operator is used to filter for documents where the `AvgScrMath` field is greater than 560. The `$or` operator is used to,False,"{
  ""doc_correct"": false,
  ""reason"": ""The provided MongoDB query does not contain any operations that require understanding of the `$and`, `$gt`, `$or`, `$gte`, or `$lt` operators.""
}"
