reference_sql,prompt,input_token_count,raw_output,predicted_mongodb_query,reference_mongodb_query,mongodb_warnings,mongodb_success,qwen_query_correct,qwen_raw_response
SELECT count(*) FROM singer,"Convert the SQL query into a MongoDB shell query.

Requirements:

* Return exactly one MongoDB shell query.
* Return only the query text.
* No explanations.
* No SQL.
* No markdown.
* No extra text.
* The response MUST start with: `db.`
* The response MUST contain exactly one MongoDB query.
* If the response does not start with `db.`, it is incorrect.

Example

SQL:
SELECT COUNT(*) FROM users

MongoDB:
db.users.countDocuments({})

MongoDB collections:
{
  ""concert"": {
    ""Stadium_ID"": ""string"",
    ""Theme"": ""string"",
    ""Year"": ""string"",
    ""_id"": ""ObjectId"",
    ""concert_ID"": ""string"",
    ""concert_Name"": ""string""
  },
  ""singer"": {
    ""Age"": ""number"",
    ""Country"": ""number"",
    ""Is_male"": ""number"",
    ""Name"": ""number"",
    ""Singer_ID"": ""number"",
    ""Song_Name"": ""number"",
    ""Song_release_year"": ""number"",
    ""_id"": ""ObjectId""
  },
  ""singer_in_concert"": {
    ""Singer_ID"": ""string"",
    ""_id"": ""ObjectId"",
    ""concert_ID"": ""string""
  },
  ""stadium"": {
    ""Average"": ""string"",
    ""Capacity"": ""string"",
    ""Highest"": ""string"",
    ""Location"": ""string"",
    ""Lowest"": ""string"",
    ""Name"": ""string"",
    ""Stadium_ID"": ""string"",
    ""_id"": ""ObjectId""
  }
}

SQL:
SELECT count(*) FROM singer

MongoDB:",342,db.singer.countDocuments({}),db.singer.countDocuments({}),"db.singer.aggregate(
[
  {
    ""$group"": {
      ""_id"": null,
      ""count"": {
        ""$sum"": 1
      }
    }
  }
]
)",Model output is not valid MongoDB shell syntax,False,True,"{
  ""query_correct"": true,
  ""reason"": ""The predicted MongoDB query `db.singer.countDocuments()` returns the number of documents matching the specified criteria.""
}"
SELECT count(*) FROM singer,"Convert the SQL query into a MongoDB shell query.

Requirements:

* Return exactly one MongoDB shell query.
* Return only the query text.
* No explanations.
* No SQL.
* No markdown.
* No extra text.
* The response MUST start with: `db.`
* The response MUST contain exactly one MongoDB query.
* If the response does not start with `db.`, it is incorrect.

Example

SQL:
SELECT COUNT(*) FROM users

MongoDB:
db.users.countDocuments({})

MongoDB collections:
{
  ""concert"": {
    ""Stadium_ID"": ""string"",
    ""Theme"": ""string"",
    ""Year"": ""string"",
    ""_id"": ""ObjectId"",
    ""concert_ID"": ""string"",
    ""concert_Name"": ""string""
  },
  ""singer"": {
    ""Age"": ""number"",
    ""Country"": ""number"",
    ""Is_male"": ""number"",
    ""Name"": ""number"",
    ""Singer_ID"": ""number"",
    ""Song_Name"": ""number"",
    ""Song_release_year"": ""number"",
    ""_id"": ""ObjectId""
  },
  ""singer_in_concert"": {
    ""Singer_ID"": ""string"",
    ""_id"": ""ObjectId"",
    ""concert_ID"": ""string""
  },
  ""stadium"": {
    ""Average"": ""string"",
    ""Capacity"": ""string"",
    ""Highest"": ""string"",
    ""Location"": ""string"",
    ""Lowest"": ""string"",
    ""Name"": ""string"",
    ""Stadium_ID"": ""string"",
    ""_id"": ""ObjectId""
  }
}

SQL:
SELECT count(*) FROM singer

MongoDB:",342,db.singer.countDocuments({}),db.singer.countDocuments({}),"db.singer.aggregate(
[
  {
    ""$group"": {
      ""_id"": null,
      ""count"": {
        ""$sum"": 1
      }
    }
  }
]
)",Model output is not valid MongoDB shell syntax,False,True,"{
  ""query_correct"": true,
  ""reason"": ""The predicted MongoDB query `db.singer.countDocuments()` returns the number of documents matching the specified criteria.""
}"
"SELECT name ,  country ,  age FROM singer ORDER BY age DESC","Convert the SQL query into a MongoDB shell query.

Requirements:

* Return exactly one MongoDB shell query.
* Return only the query text.
* No explanations.
* No SQL.
* No markdown.
* No extra text.
* The response MUST start with: `db.`
* The response MUST contain exactly one MongoDB query.
* If the response does not start with `db.`, it is incorrect.

Example

SQL:
SELECT COUNT(*) FROM users

MongoDB:
db.users.countDocuments({})

MongoDB collections:
{
  ""concert"": {
    ""Stadium_ID"": ""string"",
    ""Theme"": ""string"",
    ""Year"": ""string"",
    ""_id"": ""ObjectId"",
    ""concert_ID"": ""string"",
    ""concert_Name"": ""string""
  },
  ""singer"": {
    ""Age"": ""number"",
    ""Country"": ""number"",
    ""Is_male"": ""number"",
    ""Name"": ""number"",
    ""Singer_ID"": ""number"",
    ""Song_Name"": ""number"",
    ""Song_release_year"": ""number"",
    ""_id"": ""ObjectId""
  },
  ""singer_in_concert"": {
    ""Singer_ID"": ""string"",
    ""_id"": ""ObjectId"",
    ""concert_ID"": ""string""
  },
  ""stadium"": {
    ""Average"": ""string"",
    ""Capacity"": ""string"",
    ""Highest"": ""string"",
    ""Location"": ""string"",
    ""Lowest"": ""string"",
    ""Name"": ""string"",
    ""Stadium_ID"": ""string"",
    ""_id"": ""ObjectId""
  }
}

SQL:
SELECT name ,  country ,  age FROM singer ORDER BY age DESC

MongoDB:",351,"db.singer.find({},{name:1, country:1, age:1},{sort:{""age"":-1}})

SQL:","db.singer.find({},{name:1, country:1, age:1},{sort:{""age"":-1}})","db.singer.find(
  {},
  { name: 1, country: 1, age: 1 }
).sort({ ""age"": -1 })",,True,True,"{
  ""query_correct"": true,
  ""reason"": ""The predicted MongoDB query uses `$sort` to sort the result by `age`, which is different from the reference query's `$sort` option.""
}"
"SELECT name ,  country ,  age FROM singer ORDER BY age DESC","Convert the SQL query into a MongoDB shell query.

Requirements:

* Return exactly one MongoDB shell query.
* Return only the query text.
* No explanations.
* No SQL.
* No markdown.
* No extra text.
* The response MUST start with: `db.`
* The response MUST contain exactly one MongoDB query.
* If the response does not start with `db.`, it is incorrect.

Example

SQL:
SELECT COUNT(*) FROM users

MongoDB:
db.users.countDocuments({})

MongoDB collections:
{
  ""concert"": {
    ""Stadium_ID"": ""string"",
    ""Theme"": ""string"",
    ""Year"": ""string"",
    ""_id"": ""ObjectId"",
    ""concert_ID"": ""string"",
    ""concert_Name"": ""string""
  },
  ""singer"": {
    ""Age"": ""number"",
    ""Country"": ""number"",
    ""Is_male"": ""number"",
    ""Name"": ""number"",
    ""Singer_ID"": ""number"",
    ""Song_Name"": ""number"",
    ""Song_release_year"": ""number"",
    ""_id"": ""ObjectId""
  },
  ""singer_in_concert"": {
    ""Singer_ID"": ""string"",
    ""_id"": ""ObjectId"",
    ""concert_ID"": ""string""
  },
  ""stadium"": {
    ""Average"": ""string"",
    ""Capacity"": ""string"",
    ""Highest"": ""string"",
    ""Location"": ""string"",
    ""Lowest"": ""string"",
    ""Name"": ""string"",
    ""Stadium_ID"": ""string"",
    ""_id"": ""ObjectId""
  }
}

SQL:
SELECT name ,  country ,  age FROM singer ORDER BY age DESC

MongoDB:",351,"db.singer.find({},{name:1, country:1, age:1},{sort:{""age"":-1}})

SQL:","db.singer.find({},{name:1, country:1, age:1},{sort:{""age"":-1}})","db.singer.find(
  {},
  { name: 1, country: 1, age: 1 }
).sort({ ""age"": -1 })",,True,True,"{
  ""query_correct"": true,
  ""reason"": ""The predicted MongoDB query uses `$sort` to sort the result by `age`, which is different from the reference query's `$sort` option.""
}"
"SELECT avg(age) ,  min(age) ,  max(age) FROM singer WHERE country  =  'France'","Convert the SQL query into a MongoDB shell query.

Requirements:

* Return exactly one MongoDB shell query.
* Return only the query text.
* No explanations.
* No SQL.
* No markdown.
* No extra text.
* The response MUST start with: `db.`
* The response MUST contain exactly one MongoDB query.
* If the response does not start with `db.`, it is incorrect.

Example

SQL:
SELECT COUNT(*) FROM users

MongoDB:
db.users.countDocuments({})

MongoDB collections:
{
  ""concert"": {
    ""Stadium_ID"": ""string"",
    ""Theme"": ""string"",
    ""Year"": ""string"",
    ""_id"": ""ObjectId"",
    ""concert_ID"": ""string"",
    ""concert_Name"": ""string""
  },
  ""singer"": {
    ""Age"": ""number"",
    ""Country"": ""number"",
    ""Is_male"": ""number"",
    ""Name"": ""number"",
    ""Singer_ID"": ""number"",
    ""Song_Name"": ""number"",
    ""Song_release_year"": ""number"",
    ""_id"": ""ObjectId""
  },
  ""singer_in_concert"": {
    ""Singer_ID"": ""string"",
    ""_id"": ""ObjectId"",
    ""concert_ID"": ""string""
  },
  ""stadium"": {
    ""Average"": ""string"",
    ""Capacity"": ""string"",
    ""Highest"": ""string"",
    ""Location"": ""string"",
    ""Lowest"": ""string"",
    ""Name"": ""string"",
    ""Stadium_ID"": ""string"",
    ""_id"": ""ObjectId""
  }
}

SQL:
SELECT avg(age) ,  min(age) ,  max(age) FROM singer WHERE country  =  'France'

MongoDB:",360,"db.singer.aggregate([
  { $match: { country: 'France' } },
  { $group: { _id: null, avg_age: { $avg: '$age' }, min_age: { $min: '$age' }, max_age: { $max: '$age' } } }
])

SQL:","db.singer.aggregate([
  { $match: { country: 'France' } },
  { $group: { _id: null, avg_age: { $avg: '$age' }, min_age: { $min: '$age' }, max_age: { $max: '$age' } } }
])","db.singer.aggregate(
[
  {
    ""$match"": {
      ""country"": ""France""
    }
  },
  {
    ""$group"": {
      ""_id"": null,
      ""avg"": {
        ""$avg"": ""$age""
      },
      ""min"": {
        ""$min"": ""$age""
      },
      ""max"": {
        ""$max"": ""$age""
      }
    }
  }
]
)",,True,True,"```json
{
  ""query_correct"": true,
  ""reason"": ""The predicted MongoDB query uses `$match` to filter records where `country` equals 'France', followed by an `$aggregate` stage that groups by `_id`, calculates averages of `age`, finds the minimum and maximum ages, and sorts them.""
}
```"
"SELECT avg(age) ,  min(age) ,  max(age) FROM singer WHERE country  =  'France'","Convert the SQL query into a MongoDB shell query.

Requirements:

* Return exactly one MongoDB shell query.
* Return only the query text.
* No explanations.
* No SQL.
* No markdown.
* No extra text.
* The response MUST start with: `db.`
* The response MUST contain exactly one MongoDB query.
* If the response does not start with `db.`, it is incorrect.

Example

SQL:
SELECT COUNT(*) FROM users

MongoDB:
db.users.countDocuments({})

MongoDB collections:
{
  ""concert"": {
    ""Stadium_ID"": ""string"",
    ""Theme"": ""string"",
    ""Year"": ""string"",
    ""_id"": ""ObjectId"",
    ""concert_ID"": ""string"",
    ""concert_Name"": ""string""
  },
  ""singer"": {
    ""Age"": ""number"",
    ""Country"": ""number"",
    ""Is_male"": ""number"",
    ""Name"": ""number"",
    ""Singer_ID"": ""number"",
    ""Song_Name"": ""number"",
    ""Song_release_year"": ""number"",
    ""_id"": ""ObjectId""
  },
  ""singer_in_concert"": {
    ""Singer_ID"": ""string"",
    ""_id"": ""ObjectId"",
    ""concert_ID"": ""string""
  },
  ""stadium"": {
    ""Average"": ""string"",
    ""Capacity"": ""string"",
    ""Highest"": ""string"",
    ""Location"": ""string"",
    ""Lowest"": ""string"",
    ""Name"": ""string"",
    ""Stadium_ID"": ""string"",
    ""_id"": ""ObjectId""
  }
}

SQL:
SELECT avg(age) ,  min(age) ,  max(age) FROM singer WHERE country  =  'France'

MongoDB:",360,"db.singer.aggregate([
  { $match: { country: 'France' } },
  { $group: { _id: null, avg_age: { $avg: '$age' }, min_age: { $min: '$age' }, max_age: { $max: '$age' } } }
])

SQL:","db.singer.aggregate([
  { $match: { country: 'France' } },
  { $group: { _id: null, avg_age: { $avg: '$age' }, min_age: { $min: '$age' }, max_age: { $max: '$age' } } }
])","db.singer.aggregate(
[
  {
    ""$match"": {
      ""country"": ""France""
    }
  },
  {
    ""$group"": {
      ""_id"": null,
      ""avg"": {
        ""$avg"": ""$age""
      },
      ""min"": {
        ""$min"": ""$age""
      },
      ""max"": {
        ""$max"": ""$age""
      }
    }
  }
]
)",,True,True,"```json
{
  ""query_correct"": true,
  ""reason"": ""The predicted MongoDB query uses `$match` to filter records where `country` equals 'France', followed by an `$aggregate` stage that groups by `_id`, calculates averages of `age`, finds the minimum and maximum ages, and sorts them.""
}
```"
"SELECT song_name ,  song_release_year FROM singer ORDER BY age LIMIT 1","Convert the SQL query into a MongoDB shell query.

Requirements:

* Return exactly one MongoDB shell query.
* Return only the query text.
* No explanations.
* No SQL.
* No markdown.
* No extra text.
* The response MUST start with: `db.`
* The response MUST contain exactly one MongoDB query.
* If the response does not start with `db.`, it is incorrect.

Example

SQL:
SELECT COUNT(*) FROM users

MongoDB:
db.users.countDocuments({})

MongoDB collections:
{
  ""concert"": {
    ""Stadium_ID"": ""string"",
    ""Theme"": ""string"",
    ""Year"": ""string"",
    ""_id"": ""ObjectId"",
    ""concert_ID"": ""string"",
    ""concert_Name"": ""string""
  },
  ""singer"": {
    ""Age"": ""number"",
    ""Country"": ""number"",
    ""Is_male"": ""number"",
    ""Name"": ""number"",
    ""Singer_ID"": ""number"",
    ""Song_Name"": ""number"",
    ""Song_release_year"": ""number"",
    ""_id"": ""ObjectId""
  },
  ""singer_in_concert"": {
    ""Singer_ID"": ""string"",
    ""_id"": ""ObjectId"",
    ""concert_ID"": ""string""
  },
  ""stadium"": {
    ""Average"": ""string"",
    ""Capacity"": ""string"",
    ""Highest"": ""string"",
    ""Location"": ""string"",
    ""Lowest"": ""string"",
    ""Name"": ""string"",
    ""Stadium_ID"": ""string"",
    ""_id"": ""ObjectId""
  }
}

SQL:
SELECT song_name ,  song_release_year FROM singer ORDER BY age LIMIT 1

MongoDB:",353,"db.singer.find({},{song_name:1, song_release_year:1},{sort:{""age"":-1}}).limit(1)

SQL:","db.singer.find({},{song_name:1, song_release_year:1},{sort:{""age"":-1}}).limit(1)","db.singer.find(
  {},
  { song_name: 1, song_release_year: 1 }
).sort({ ""age"": 1 }).limit(1)",,True,True,"{
  ""query_correct"": true,
  ""reason"": ""The predicted MongoDB query uses `$sort` to sort the result by `age`, which is different from the reference MongoDB query's `$sort` option.""
}"
"SELECT song_name ,  song_release_year FROM singer ORDER BY age LIMIT 1","Convert the SQL query into a MongoDB shell query.

Requirements:

* Return exactly one MongoDB shell query.
* Return only the query text.
* No explanations.
* No SQL.
* No markdown.
* No extra text.
* The response MUST start with: `db.`
* The response MUST contain exactly one MongoDB query.
* If the response does not start with `db.`, it is incorrect.

Example

SQL:
SELECT COUNT(*) FROM users

MongoDB:
db.users.countDocuments({})

MongoDB collections:
{
  ""concert"": {
    ""Stadium_ID"": ""string"",
    ""Theme"": ""string"",
    ""Year"": ""string"",
    ""_id"": ""ObjectId"",
    ""concert_ID"": ""string"",
    ""concert_Name"": ""string""
  },
  ""singer"": {
    ""Age"": ""number"",
    ""Country"": ""number"",
    ""Is_male"": ""number"",
    ""Name"": ""number"",
    ""Singer_ID"": ""number"",
    ""Song_Name"": ""number"",
    ""Song_release_year"": ""number"",
    ""_id"": ""ObjectId""
  },
  ""singer_in_concert"": {
    ""Singer_ID"": ""string"",
    ""_id"": ""ObjectId"",
    ""concert_ID"": ""string""
  },
  ""stadium"": {
    ""Average"": ""string"",
    ""Capacity"": ""string"",
    ""Highest"": ""string"",
    ""Location"": ""string"",
    ""Lowest"": ""string"",
    ""Name"": ""string"",
    ""Stadium_ID"": ""string"",
    ""_id"": ""ObjectId""
  }
}

SQL:
SELECT song_name ,  song_release_year FROM singer ORDER BY age LIMIT 1

MongoDB:",353,"db.singer.find({},{song_name:1, song_release_year:1},{sort:{""age"":-1}}).limit(1)

SQL:","db.singer.find({},{song_name:1, song_release_year:1},{sort:{""age"":-1}}).limit(1)","db.singer.find(
  {},
  { song_name: 1, song_release_year: 1 }
).sort({ ""age"": 1 }).limit(1)",,True,True,"{
  ""query_correct"": true,
  ""reason"": ""The predicted MongoDB query uses `$sort` to sort the result by `age`, which is different from the reference MongoDB query's `$sort` option.""
}"
SELECT DISTINCT country FROM singer WHERE age  >  20,"Convert the SQL query into a MongoDB shell query.

Requirements:

* Return exactly one MongoDB shell query.
* Return only the query text.
* No explanations.
* No SQL.
* No markdown.
* No extra text.
* The response MUST start with: `db.`
* The response MUST contain exactly one MongoDB query.
* If the response does not start with `db.`, it is incorrect.

Example

SQL:
SELECT COUNT(*) FROM users

MongoDB:
db.users.countDocuments({})

MongoDB collections:
{
  ""concert"": {
    ""Stadium_ID"": ""string"",
    ""Theme"": ""string"",
    ""Year"": ""string"",
    ""_id"": ""ObjectId"",
    ""concert_ID"": ""string"",
    ""concert_Name"": ""string""
  },
  ""singer"": {
    ""Age"": ""number"",
    ""Country"": ""number"",
    ""Is_male"": ""number"",
    ""Name"": ""number"",
    ""Singer_ID"": ""number"",
    ""Song_Name"": ""number"",
    ""Song_release_year"": ""number"",
    ""_id"": ""ObjectId""
  },
  ""singer_in_concert"": {
    ""Singer_ID"": ""string"",
    ""_id"": ""ObjectId"",
    ""concert_ID"": ""string""
  },
  ""stadium"": {
    ""Average"": ""string"",
    ""Capacity"": ""string"",
    ""Highest"": ""string"",
    ""Location"": ""string"",
    ""Lowest"": ""string"",
    ""Name"": ""string"",
    ""Stadium_ID"": ""string"",
    ""_id"": ""ObjectId""
  }
}

SQL:
SELECT DISTINCT country FROM singer WHERE age  >  20

MongoDB:",350,"db.singer.distinct('country', {age: {$gt: 20}})

SQL:","db.singer.distinct('country', {age: {$gt: 20}})","db.singer.distinct(
  ""country"",
  { age: { $gt: 20 } }
)",,True,True,"{
  ""query_correct"": true,
  ""reason"": ""The predicted MongoDB query uses `$gt` instead of `>` to compare ages, which can lead to different results.""
}"
SELECT DISTINCT country FROM singer WHERE age  >  20,"Convert the SQL query into a MongoDB shell query.

Requirements:

* Return exactly one MongoDB shell query.
* Return only the query text.
* No explanations.
* No SQL.
* No markdown.
* No extra text.
* The response MUST start with: `db.`
* The response MUST contain exactly one MongoDB query.
* If the response does not start with `db.`, it is incorrect.

Example

SQL:
SELECT COUNT(*) FROM users

MongoDB:
db.users.countDocuments({})

MongoDB collections:
{
  ""concert"": {
    ""Stadium_ID"": ""string"",
    ""Theme"": ""string"",
    ""Year"": ""string"",
    ""_id"": ""ObjectId"",
    ""concert_ID"": ""string"",
    ""concert_Name"": ""string""
  },
  ""singer"": {
    ""Age"": ""number"",
    ""Country"": ""number"",
    ""Is_male"": ""number"",
    ""Name"": ""number"",
    ""Singer_ID"": ""number"",
    ""Song_Name"": ""number"",
    ""Song_release_year"": ""number"",
    ""_id"": ""ObjectId""
  },
  ""singer_in_concert"": {
    ""Singer_ID"": ""string"",
    ""_id"": ""ObjectId"",
    ""concert_ID"": ""string""
  },
  ""stadium"": {
    ""Average"": ""string"",
    ""Capacity"": ""string"",
    ""Highest"": ""string"",
    ""Location"": ""string"",
    ""Lowest"": ""string"",
    ""Name"": ""string"",
    ""Stadium_ID"": ""string"",
    ""_id"": ""ObjectId""
  }
}

SQL:
SELECT DISTINCT country FROM singer WHERE age  >  20

MongoDB:",350,"db.singer.distinct('country', {age: {$gt: 20}})

SQL:","db.singer.distinct('country', {age: {$gt: 20}})","db.singer.distinct(
  ""country"",
  { age: { $gt: 20 } }
)",,True,True,"{
  ""query_correct"": true,
  ""reason"": ""The predicted MongoDB query uses `$gt` instead of `>` to compare ages, which can lead to different results.""
}"
