source,db_id,question,sql_schema,sql_query,nosql_schema,nosql_query,documentation,metadata,conversion_success,schema_correct,query_correct,overall_correct,schema_reason,query_reason,evaluation_response
spider,department_management,How many heads of the departments are older than 56 ?,"CREATE TABLE department (
    Department_ID REAL PRIMARY KEY,
    Name TEXT,
    Creation TEXT,
    Ranking REAL,
    Budget_in_Billions REAL,
    Num_Employees REAL
);

CREATE TABLE head (
    head_ID REAL PRIMARY KEY,
    name TEXT,
    born_state TEXT,
    age REAL
);

CREATE TABLE management (
    department_ID REAL PRIMARY KEY,
    head_ID REAL,
    temporary_acting TEXT
);",SELECT count(*) FROM head WHERE age  >  56,"{
  ""department"": {
    ""Budget_in_Billions"": ""number"",
    ""Creation"": ""string"",
    ""Name"": ""string"",
    ""Num_Employees"": ""number"",
    ""Ranking"": ""number"",
    ""_id"": ""ObjectId""
  },
  ""head"": {
    ""_id"": ""ObjectId"",
    ""age"": ""number"",
    ""born_state"": ""string"",
    ""name"": ""string""
  },
  ""management"": {
    ""_id"": ""ObjectId"",
    ""department_ID"": ""number"",
    ""head_ID"": ""number"",
    ""temporary_acting"": ""string""
  }
}","db.head.aggregate(
[
  {
    ""$match"": {
      ""age"": {
        ""$gt"": 56
      }
    }
  },
  {
    ""$group"": {
      ""_id"": null,
      ""count"": {
        ""$sum"": 1
      }
    }
  }
]
)",The MongoDB query retrieves the count of employees aged 56 or older within each department. The match stage filters documents where the age field is greater than 56. The group stage sums up the number of documents per department using the _id key.,"{""aggregations"": 1, ""conversion_success"": true, ""conversion_warnings"": [], ""from_clauses"": 1, ""index"": 0, ""joins"": 0, ""nosql_query_valid"": true, ""nosql_schema_valid"": true, ""question"": ""How many heads of the departments are older than 56 ?"", ""sql_query_valid"": true, ""sql_schema_valid"": true, ""tables"": 3}",True,True,True,True,The MongoDB schema is more concise and easier to read compared to the SQL schema.,The MongoDB query uses `$match` for filtering and `$group` for aggregating data.,"{
  ""schema_correct"": true,
  ""query_correct"": true,
  ""schema_reason"": ""The MongoDB schema is more concise and easier to read compared to the SQL schema."",
  ""query_reason"": ""The MongoDB query uses `$match` for filtering and `$group` for aggregating data.""
}"
spider,department_management,"List the name, born state and age of the heads of departments ordered by age.","CREATE TABLE department (
    Department_ID REAL PRIMARY KEY,
    Name TEXT,
    Creation TEXT,
    Ranking REAL,
    Budget_in_Billions REAL,
    Num_Employees REAL
);

CREATE TABLE head (
    head_ID REAL PRIMARY KEY,
    name TEXT,
    born_state TEXT,
    age REAL
);

CREATE TABLE management (
    department_ID REAL PRIMARY KEY,
    head_ID REAL,
    temporary_acting TEXT
);","SELECT name ,  born_state ,  age FROM head ORDER BY age","{
  ""department"": {
    ""Budget_in_Billions"": ""number"",
    ""Creation"": ""string"",
    ""Name"": ""string"",
    ""Num_Employees"": ""number"",
    ""Ranking"": ""number"",
    ""_id"": ""ObjectId""
  },
  ""head"": {
    ""_id"": ""ObjectId"",
    ""age"": ""number"",
    ""born_state"": ""string"",
    ""name"": ""string""
  },
  ""management"": {
    ""_id"": ""ObjectId"",
    ""department_ID"": ""number"",
    ""head_ID"": ""number"",
    ""temporary_acting"": ""string""
  }
}","db.head.find(
  {},
  {
  ""name"": 1,
  ""born_state"": 1,
  ""age"": 1
}
)",Reads from the head collection via find. It uses a find operation to retrieve matching documents.,"{""aggregations"": 0, ""conversion_success"": true, ""conversion_warnings"": [], ""from_clauses"": 1, ""index"": 1, ""joins"": 0, ""nosql_query_valid"": true, ""nosql_schema_valid"": true, ""question"": ""List the name, born state and age of the heads of departments ordered by age."", ""sql_query_valid"": true, ""sql_schema_valid"": true, ""tables"": 3}",True,True,True,True,The provided SQL and MongoDB schemas are semantically equivalent.,"Both queries retrieve data from the 'head' collection in the same way: they select specific fields (name, born_state, age) from the 'head' document.","{
  ""schema_correct"": true,
  ""query_correct"": true,
  ""schema_reason"": ""The provided SQL and MongoDB schemas are semantically equivalent."",
  ""query_reason"": ""Both queries retrieve data from the 'head' collection in the same way: they select specific fields (name, born_state, age) from the 'head' document.""
}"
spider,department_management,"List the creation year, name and budget of each department.","CREATE TABLE department (
    Department_ID REAL PRIMARY KEY,
    Name TEXT,
    Creation TEXT,
    Ranking REAL,
    Budget_in_Billions REAL,
    Num_Employees REAL
);

CREATE TABLE head (
    head_ID REAL PRIMARY KEY,
    name TEXT,
    born_state TEXT,
    age REAL
);

CREATE TABLE management (
    department_ID REAL PRIMARY KEY,
    head_ID REAL,
    temporary_acting TEXT
);","SELECT creation ,  name ,  budget_in_billions FROM department","{
  ""department"": {
    ""Budget_in_Billions"": ""number"",
    ""Creation"": ""string"",
    ""Name"": ""string"",
    ""Num_Employees"": ""number"",
    ""Ranking"": ""number"",
    ""_id"": ""ObjectId""
  },
  ""head"": {
    ""_id"": ""ObjectId"",
    ""age"": ""number"",
    ""born_state"": ""string"",
    ""name"": ""string""
  },
  ""management"": {
    ""_id"": ""ObjectId"",
    ""department_ID"": ""number"",
    ""head_ID"": ""number"",
    ""temporary_acting"": ""string""
  }
}","db.department.find(
  {},
  {
  ""creation"": 1,
  ""name"": 1,
  ""budget_in_billions"": 1
}
)","The MongoDB query retrieves the creation year, name, and budget of each department. It uses the find operator to filter documents based on the _id field. The projection stage selects specific fields (creation, name, and budget_in_billions) without including any additional fields.","{""aggregations"": 0, ""conversion_success"": true, ""conversion_warnings"": [], ""from_clauses"": 1, ""index"": 2, ""joins"": 0, ""nosql_query_valid"": true, ""nosql_schema_valid"": true, ""question"": ""List the creation year, name and budget of each department."", ""sql_query_valid"": true, ""sql_schema_valid"": true, ""tables"": 3}",True,True,True,True,The SQL query correctly selects all columns from the `department` table.,The MongoDB query correctly selects all columns from the `department` collection.,"{
  ""schema_correct"": true,
  ""query_correct"": true,
  ""schema_reason"": ""The SQL query correctly selects all columns from the `department` table."",
  ""query_reason"": ""The MongoDB query correctly selects all columns from the `department` collection.""
}"
spider,department_management,What are the maximum and minimum budget of the departments?,"CREATE TABLE department (
    Department_ID REAL PRIMARY KEY,
    Name TEXT,
    Creation TEXT,
    Ranking REAL,
    Budget_in_Billions REAL,
    Num_Employees REAL
);

CREATE TABLE head (
    head_ID REAL PRIMARY KEY,
    name TEXT,
    born_state TEXT,
    age REAL
);

CREATE TABLE management (
    department_ID REAL PRIMARY KEY,
    head_ID REAL,
    temporary_acting TEXT
);","SELECT max(budget_in_billions) ,  min(budget_in_billions) FROM department","{
  ""department"": {
    ""Budget_in_Billions"": ""number"",
    ""Creation"": ""string"",
    ""Name"": ""string"",
    ""Num_Employees"": ""number"",
    ""Ranking"": ""number"",
    ""_id"": ""ObjectId""
  },
  ""head"": {
    ""_id"": ""ObjectId"",
    ""age"": ""number"",
    ""born_state"": ""string"",
    ""name"": ""string""
  },
  ""management"": {
    ""_id"": ""ObjectId"",
    ""department_ID"": ""number"",
    ""head_ID"": ""number"",
    ""temporary_acting"": ""string""
  }
}","db.department.aggregate(
[
  {
    ""$group"": {
      ""_id"": null,
      ""max_1"": {
        ""$max"": ""$budget_in_billions""
      },
      ""min_2"": {
        ""$min"": ""$budget_in_billions""
      }
    }
  }
]
)","The MongoDB query retrieves the maximum and minimum budgets of all departments. It uses the group stage to calculate these values based on the Budget_in_Billions field across all documents in the department collection. The max operator finds the highest value among the Budget_in_Billions fields, while the min operator identifies the lowest value.","{""aggregations"": 2, ""conversion_success"": true, ""conversion_warnings"": [], ""from_clauses"": 1, ""index"": 3, ""joins"": 0, ""nosql_query_valid"": true, ""nosql_schema_valid"": true, ""question"": ""What are the maximum and minimum budget of the departments?"", ""sql_query_valid"": true, ""sql_schema_valid"": true, ""tables"": 3}",True,True,True,True,The MongoDB schema is more concise and easier to read compared to the SQL schema.,"The MongoDB query uses `$group` aggregation stage to calculate the maximum and minimum values of `budget_in_billions`, which is a more efficient way to achieve the same result.","{
  ""schema_correct"": true,
  ""query_correct"": true,
  ""schema_reason"": ""The MongoDB schema is more concise and easier to read compared to the SQL schema."",
  ""query_reason"": ""The MongoDB query uses `$group` aggregation stage to calculate the maximum and minimum values of `budget_in_billions`, which is a more efficient way to achieve the same result.""
}"
spider,department_management,What is the average number of employees of the departments whose rank is between 10 and 15?,"CREATE TABLE department (
    Department_ID REAL PRIMARY KEY,
    Name TEXT,
    Creation TEXT,
    Ranking REAL,
    Budget_in_Billions REAL,
    Num_Employees REAL
);

CREATE TABLE head (
    head_ID REAL PRIMARY KEY,
    name TEXT,
    born_state TEXT,
    age REAL
);

CREATE TABLE management (
    department_ID REAL PRIMARY KEY,
    head_ID REAL,
    temporary_acting TEXT
);",SELECT avg(num_employees) FROM department WHERE ranking BETWEEN 10 AND 15,"{
  ""department"": {
    ""Budget_in_Billions"": ""number"",
    ""Creation"": ""string"",
    ""Name"": ""string"",
    ""Num_Employees"": ""number"",
    ""Ranking"": ""number"",
    ""_id"": ""ObjectId""
  },
  ""head"": {
    ""_id"": ""ObjectId"",
    ""age"": ""number"",
    ""born_state"": ""string"",
    ""name"": ""string""
  },
  ""management"": {
    ""_id"": ""ObjectId"",
    ""department_ID"": ""number"",
    ""head_ID"": ""number"",
    ""temporary_acting"": ""string""
  }
}","db.department.aggregate(
[
  {
    ""$match"": {
      ""ranking"": {
        ""$gte"": 10,
        ""$lte"": 15
      }
    }
  },
  {
    ""$group"": {
      ""_id"": null,
      ""avg"": {
        ""$avg"": ""$num_employees""
      }
    }
  }
]
)",The MongoDB query retrieves the average number of employees within specific ranks (between 10 and 15) across all departments. The match stage filters documents based on the ranking field being greater than or equal to 10 and less than 15. The group stage then calculates the average (avg) of the num_employees field for each department.,"{""aggregations"": 1, ""conversion_success"": true, ""conversion_warnings"": [], ""from_clauses"": 1, ""index"": 4, ""joins"": 0, ""nosql_query_valid"": true, ""nosql_schema_valid"": true, ""question"": ""What is the average number of employees of the departments whose rank is between 10 and 15?"", ""sql_query_valid"": true, ""sql_schema_valid"": true, ""tables"": 3}",True,True,True,True,The MongoDB schema is more concise and easier to read compared to the SQL schema.,The MongoDB query uses aggregation framework which simplifies complex queries and provides a clear way to calculate averages.,"{
  ""schema_correct"": true,
  ""query_correct"": true,
  ""schema_reason"": ""The MongoDB schema is more concise and easier to read compared to the SQL schema."",
  ""query_reason"": ""The MongoDB query uses aggregation framework which simplifies complex queries and provides a clear way to calculate averages.""
}"
spider,department_management,What are the names of the heads who are born outside the California state?,"CREATE TABLE department (
    Department_ID REAL PRIMARY KEY,
    Name TEXT,
    Creation TEXT,
    Ranking REAL,
    Budget_in_Billions REAL,
    Num_Employees REAL
);

CREATE TABLE head (
    head_ID REAL PRIMARY KEY,
    name TEXT,
    born_state TEXT,
    age REAL
);

CREATE TABLE management (
    department_ID REAL PRIMARY KEY,
    head_ID REAL,
    temporary_acting TEXT
);",SELECT name FROM head WHERE born_state != 'California',"{
  ""department"": {
    ""Budget_in_Billions"": ""number"",
    ""Creation"": ""string"",
    ""Name"": ""string"",
    ""Num_Employees"": ""number"",
    ""Ranking"": ""number"",
    ""_id"": ""ObjectId""
  },
  ""head"": {
    ""_id"": ""ObjectId"",
    ""age"": ""number"",
    ""born_state"": ""string"",
    ""name"": ""string""
  },
  ""management"": {
    ""_id"": ""ObjectId"",
    ""department_ID"": ""number"",
    ""head_ID"": ""number"",
    ""temporary_acting"": ""string""
  }
}","db.head.find(
  {
  ""born_state"": {
    ""$ne"": ""California""
  }
},
  {
  ""name"": 1
}
)","The MongoDB query retrieves the names of employees who were born outside the California state. It uses the ne operator to filter out employees born in California, and then selects the name field using project to return only the employee's name. The find operator is used to find documents matching the specified criteria.","{""aggregations"": 0, ""conversion_success"": true, ""conversion_warnings"": [], ""from_clauses"": 1, ""index"": 5, ""joins"": 0, ""nosql_query_valid"": true, ""nosql_schema_valid"": true, ""question"": ""What are the names of the heads who are born outside the California state?"", ""sql_query_valid"": true, ""sql_schema_valid"": true, ""tables"": 3}",True,True,True,True,The MongoDB schema is more concise and easier to read compared to the SQL schema.,"The MongoDB query uses a single `find` operation to filter records based on a condition, which is more efficient than using multiple `where` clauses in the SQL query.","{
  ""schema_correct"": true,
  ""query_correct"": true,
  ""schema_reason"": ""The MongoDB schema is more concise and easier to read compared to the SQL schema."",
  ""query_reason"": ""The MongoDB query uses a single `find` operation to filter records based on a condition, which is more efficient than using multiple `where` clauses in the SQL query.""
}"
spider,department_management,What are the distinct creation years of the departments managed by a secretary born in state 'Alabama'?,"CREATE TABLE department (
    Department_ID REAL PRIMARY KEY,
    Name TEXT,
    Creation TEXT,
    Ranking REAL,
    Budget_in_Billions REAL,
    Num_Employees REAL
);

CREATE TABLE head (
    head_ID REAL PRIMARY KEY,
    name TEXT,
    born_state TEXT,
    age REAL
);

CREATE TABLE management (
    department_ID REAL PRIMARY KEY,
    head_ID REAL,
    temporary_acting TEXT
);",SELECT DISTINCT T1.creation FROM department AS T1 JOIN management AS T2 ON T1.department_id  =  T2.department_id JOIN head AS T3 ON T2.head_id  =  T3.head_id WHERE T3.born_state  =  'Alabama',"{
  ""department"": {
    ""Budget_in_Billions"": ""number"",
    ""Creation"": ""string"",
    ""Name"": ""string"",
    ""Num_Employees"": ""number"",
    ""Ranking"": ""number"",
    ""_id"": ""ObjectId""
  },
  ""head"": {
    ""_id"": ""ObjectId"",
    ""age"": ""number"",
    ""born_state"": ""string"",
    ""name"": ""string""
  },
  ""management"": {
    ""_id"": ""ObjectId"",
    ""department_ID"": ""number"",
    ""head_ID"": ""number"",
    ""temporary_acting"": ""string""
  }
}","db.department.aggregate(
[
  {
    ""$lookup"": {
      ""from"": ""head"",
      ""localField"": ""head_id"",
      ""foreignField"": ""head_id"",
      ""as"": ""joined_head""
    }
  },
  {
    ""$unwind"": ""$joined_head""
  }
]
)",The MongoDB query retrieves the distinct creation years of the departments managed by a secretary who was born in Alabama. It uses the lookup operator to join the head document with the department document based on the head_id. The unwind operator then breaks down the joined documents into their individual fields.,"{""aggregations"": 0, ""conversion_success"": true, ""conversion_warnings"": [], ""from_clauses"": 1, ""index"": 6, ""joins"": 2, ""nosql_query_valid"": true, ""nosql_schema_valid"": true, ""question"": ""What are the distinct creation years of the departments managed by a secretary born in state 'Alabama'?"", ""sql_query_valid"": true, ""sql_schema_valid"": true, ""tables"": 3}",True,True,True,True,The MongoDB schema is more concise and easier to read compared to the SQL schema.,"The MongoDB query uses `$lookup` to join the `head` collection with the `department` collection on the `head_id`, then it unifies the results using `$unwind`. This approach simplifies the query logic.","{
  ""schema_correct"": true,
  ""query_correct"": true,
  ""schema_reason"": ""The MongoDB schema is more concise and easier to read compared to the SQL schema."",
  ""query_reason"": ""The MongoDB query uses `$lookup` to join the `head` collection with the `department` collection on the `head_id`, then it unifies the results using `$unwind`. This approach simplifies the query logic.""
}"
spider,department_management,What are the names of the states where at least 3 heads were born?,"CREATE TABLE department (
    Department_ID REAL PRIMARY KEY,
    Name TEXT,
    Creation TEXT,
    Ranking REAL,
    Budget_in_Billions REAL,
    Num_Employees REAL
);

CREATE TABLE head (
    head_ID REAL PRIMARY KEY,
    name TEXT,
    born_state TEXT,
    age REAL
);

CREATE TABLE management (
    department_ID REAL PRIMARY KEY,
    head_ID REAL,
    temporary_acting TEXT
);",SELECT born_state FROM head GROUP BY born_state HAVING count(*)  >=  3,"{
  ""department"": {
    ""Budget_in_Billions"": ""number"",
    ""Creation"": ""string"",
    ""Name"": ""string"",
    ""Num_Employees"": ""number"",
    ""Ranking"": ""number"",
    ""_id"": ""ObjectId""
  },
  ""head"": {
    ""_id"": ""ObjectId"",
    ""age"": ""number"",
    ""born_state"": ""string"",
    ""name"": ""string""
  },
  ""management"": {
    ""_id"": ""ObjectId"",
    ""department_ID"": ""number"",
    ""head_ID"": ""number"",
    ""temporary_acting"": ""string""
  }
}","db.head.aggregate(
[
  {
    ""$match"": {
      ""count(*)"": {
        ""$gte"": 3
      }
    }
  }
]
)",The MongoDB query retrieves the names of the states where at least 3 heads (employees) were born. The match stage filters documents based on the count of employees (count(*)) being greater than or equal to 3. This means we're looking for states with more than three employees.,"{""aggregations"": 1, ""conversion_success"": true, ""conversion_warnings"": [], ""from_clauses"": 1, ""index"": 7, ""joins"": 0, ""nosql_query_valid"": true, ""nosql_schema_valid"": true, ""question"": ""What are the names of the states where at least 3 heads were born?"", ""sql_query_valid"": true, ""sql_schema_valid"": true, ""tables"": 3}",True,True,True,True,The MongoDB schema is more concise and easier to read compared to the SQL schema.,The MongoDB query uses `$match` to filter documents where the `count(*)` field is greater than or equal to 3.,"{
  ""schema_correct"": true,
  ""query_correct"": true,
  ""schema_reason"": ""The MongoDB schema is more concise and easier to read compared to the SQL schema."",
  ""query_reason"": ""The MongoDB query uses `$match` to filter documents where the `count(*)` field is greater than or equal to 3.""
}"
spider,department_management,In which year were most departments established?,"CREATE TABLE department (
    Department_ID REAL PRIMARY KEY,
    Name TEXT,
    Creation TEXT,
    Ranking REAL,
    Budget_in_Billions REAL,
    Num_Employees REAL
);

CREATE TABLE head (
    head_ID REAL PRIMARY KEY,
    name TEXT,
    born_state TEXT,
    age REAL
);

CREATE TABLE management (
    department_ID REAL PRIMARY KEY,
    head_ID REAL,
    temporary_acting TEXT
);",SELECT creation FROM department GROUP BY creation ORDER BY count(*) DESC LIMIT 1,"{
  ""department"": {
    ""Budget_in_Billions"": ""number"",
    ""Creation"": ""string"",
    ""Name"": ""string"",
    ""Num_Employees"": ""number"",
    ""Ranking"": ""number"",
    ""_id"": ""ObjectId""
  },
  ""head"": {
    ""_id"": ""ObjectId"",
    ""age"": ""number"",
    ""born_state"": ""string"",
    ""name"": ""string""
  },
  ""management"": {
    ""_id"": ""ObjectId"",
    ""department_ID"": ""number"",
    ""head_ID"": ""number"",
    ""temporary_acting"": ""string""
  }
}","db.department.find(
  {},
  {
  ""creation"": 1
}
).limit(1)",The MongoDB query retrieves the creation date of all departments. The find method returns a cursor containing the documents with no additional filters. The limit operator restricts the number of results returned to 1.,"{""aggregations"": 1, ""conversion_success"": true, ""conversion_warnings"": [], ""from_clauses"": 1, ""index"": 8, ""joins"": 0, ""nosql_query_valid"": true, ""nosql_schema_valid"": true, ""question"": ""In which year were most departments established?"", ""sql_query_valid"": true, ""sql_schema_valid"": true, ""tables"": 3}",True,True,True,True,The provided SQL and MongoDB schemas are semantically equivalent.,Both queries retrieve the 'creation' field from the 'department' collection.,"{
  ""schema_correct"": true,
  ""query_correct"": true,
  ""schema_reason"": ""The provided SQL and MongoDB schemas are semantically equivalent."",
  ""query_reason"": ""Both queries retrieve the 'creation' field from the 'department' collection.""
}"
spider,department_management,Show the name and number of employees for the departments managed by heads whose temporary acting value is 'Yes'?,"CREATE TABLE department (
    Department_ID REAL PRIMARY KEY,
    Name TEXT,
    Creation TEXT,
    Ranking REAL,
    Budget_in_Billions REAL,
    Num_Employees REAL
);

CREATE TABLE head (
    head_ID REAL PRIMARY KEY,
    name TEXT,
    born_state TEXT,
    age REAL
);

CREATE TABLE management (
    department_ID REAL PRIMARY KEY,
    head_ID REAL,
    temporary_acting TEXT
);","SELECT T1.name ,  T1.num_employees FROM department AS T1 JOIN management AS T2 ON T1.department_id  =  T2.department_id WHERE T2.temporary_acting  =  'Yes'","{
  ""department"": {
    ""Budget_in_Billions"": ""number"",
    ""Creation"": ""string"",
    ""Name"": ""string"",
    ""Num_Employees"": ""number"",
    ""Ranking"": ""number"",
    ""_id"": ""ObjectId""
  },
  ""head"": {
    ""_id"": ""ObjectId"",
    ""age"": ""number"",
    ""born_state"": ""string"",
    ""name"": ""string""
  },
  ""management"": {
    ""_id"": ""ObjectId"",
    ""department_ID"": ""number"",
    ""head_ID"": ""number"",
    ""temporary_acting"": ""string""
  }
}","db.department.aggregate(
[
  {
    ""$lookup"": {
      ""from"": ""management"",
      ""localField"": ""department_id"",
      ""foreignField"": ""department_id"",
      ""as"": ""joined_management""
    }
  },
  {
    ""$unwind"": ""$joined_management""
  },
  {
    ""$project"": {
      ""name"": 1,
      ""num_employees"": 1
    }
  }
]
)",The MongoDB query retrieves the name and number of employees for the departments managed by heads whose temporary acting value is 'Yes'. It uses the lookup stage to join the department collection with the management collection based on the department ID. The unwind stage then breaks down the joined documents into individual employee records.,"{""aggregations"": 0, ""conversion_success"": true, ""conversion_warnings"": [], ""from_clauses"": 1, ""index"": 9, ""joins"": 1, ""nosql_query_valid"": true, ""nosql_schema_valid"": true, ""question"": ""Show the name and number of employees for the departments managed by heads whose temporary acting value is 'Yes'?"", ""sql_query_valid"": true, ""sql_schema_valid"": true, ""tables"": 3}",True,True,True,True,The SQL and MongoDB schemas are identical.,"Both queries retrieve information about departments and their employees, using the same fields and structure.","{
  ""schema_correct"": true,
  ""query_correct"": true,
  ""schema_reason"": ""The SQL and MongoDB schemas are identical."",
  ""query_reason"": ""Both queries retrieve information about departments and their employees, using the same fields and structure.""
}"
